{"cameraMode":{"drawMode":0,"name":"Shaded","section":"Shading Mode"},"sceneLighting":false,"audioPlay":false,"sceneViewState":{"m_AlwaysRefresh":false,"showFog":true,"showSkybox":false,"showFlares":true,"showImageEffects":true,"showParticleSystems":true,"showVisualEffectGraphs":true,"m_FxEnabled":true},"in2DMode":false,"pivot":{"x":-0.03746664524078369,"y":1.3381638526916505,"z":-0.1086127758026123},"rotation":{"x":0.06173413246870041,"y":0.03442240506410599,"z":-0.0021341072861105205,"w":0.9975040555000305},"size":2.3004820346832277,"orthographic":false}