{"cameraMode":{"drawMode":0,"name":"Shaded","section":"Shading Mode"},"sceneLighting":true,"audioPlay":false,"sceneViewState":{"m_AlwaysRefresh":false,"showFog":true,"showSkybox":true,"showFlares":true,"showImageEffects":true,"showParticleSystems":true,"showVisualEffectGraphs":true,"m_FxEnabled":true},"in2DMode":false,"pivot":{"x":33.10447311401367,"y":3.915778636932373,"z":16.664220809936525},"rotation":{"x":-0.21540628373622895,"y":-0.09042126685380936,"z":0.018769998103380204,"w":-0.9727587699890137},"size":8.815378189086914,"orthographic":false}