{"cameraMode":{"drawMode":0,"name":"Shaded","section":"Shading Mode"},"sceneLighting":false,"audioPlay":false,"sceneViewState":{"m_AlwaysRefresh":false,"showFog":true,"showSkybox":false,"showFlares":true,"showImageEffects":true,"showParticleSystems":true,"showVisualEffectGraphs":true,"m_FxEnabled":true},"in2DMode":false,"pivot":{"x":-0.03746664524078369,"y":1.3381638526916505,"z":-0.1086127758026123},"rotation":{"x":0.19154797494411469,"y":0.6784201860427856,"z":-0.1901763379573822,"w":0.6833022236824036},"size":2.3004820346832277,"orthographic":false}